{"cameraMode":{"drawMode":0,"name":"Shaded","section":"Shading Mode"},"sceneLighting":true,"audioPlay":false,"sceneViewState":{"m_AlwaysRefresh":false,"showFog":true,"showSkybox":true,"showFlares":true,"showImageEffects":true,"showParticleSystems":true,"showVisualEffectGraphs":true,"m_FxEnabled":true},"in2DMode":false,"pivot":{"x":5.313490390777588,"y":4.180212497711182,"z":1.8726344108581544},"rotation":{"x":-0.4538828730583191,"y":0.024584321305155755,"z":-0.012532676570117474,"w":-0.8906395435333252},"size":1.906977653503418,"orthographic":false}