{"cameraMode":{"drawMode":0,"name":"Shaded","section":"Shading Mode"},"sceneLighting":true,"audioPlay":false,"sceneViewState":{"m_AlwaysRefresh":false,"showFog":true,"showSkybox":true,"showFlares":true,"showImageEffects":true,"showParticleSystems":true,"showVisualEffectGraphs":true,"m_FxEnabled":true},"in2DMode":false,"pivot":{"x":-44.87965393066406,"y":39.099998474121097,"z":-47.15281677246094},"rotation":{"x":0.6595598459243774,"y":-0.010150979273021222,"z":0.008907671086490155,"w":0.7515365481376648},"size":4.027064800262451,"orthographic":false}