{"cameraMode":{"drawMode":0,"name":"Shaded","section":"Shading Mode"},"sceneLighting":true,"audioPlay":false,"sceneViewState":{"m_AlwaysRefresh":false,"showFog":true,"showSkybox":true,"showFlares":true,"showImageEffects":true,"showParticleSystems":true,"showVisualEffectGraphs":true,"m_FxEnabled":true},"in2DMode":false,"pivot":{"x":5.808786392211914,"y":-13.37622356414795,"z":38.82344436645508},"rotation":{"x":0.16759811341762544,"y":0.12647579610347749,"z":-0.021758530288934709,"w":0.9775338172912598},"size":32.044898986816409,"orthographic":false}