{"cameraMode":{"drawMode":0,"name":"Shaded","section":"Shading Mode"},"sceneLighting":true,"audioPlay":false,"sceneViewState":{"m_AlwaysRefresh":false,"showFog":true,"showSkybox":true,"showFlares":true,"showImageEffects":true,"showParticleSystems":true,"showVisualEffectGraphs":true,"m_FxEnabled":true},"in2DMode":false,"pivot":{"x":45.21868896484375,"y":64.25261688232422,"z":-20.75432777404785},"rotation":{"x":0.35498958826065066,"y":0.0434393547475338,"z":-0.016529928892850877,"w":0.9337241053581238},"size":19.071208953857423,"orthographic":false}