{"cameraMode":{"drawMode":0,"name":"Shaded","section":"Shading Mode"},"sceneLighting":true,"audioPlay":false,"sceneViewState":{"m_AlwaysRefresh":false,"showFog":true,"showSkybox":true,"showFlares":true,"showImageEffects":true,"showParticleSystems":true,"showVisualEffectGraphs":true,"m_FxEnabled":true},"in2DMode":false,"pivot":{"x":-0.02686835266649723,"y":-16.912607192993165,"z":51.842323303222659},"rotation":{"x":0.1749107539653778,"y":-0.007715350016951561,"z":0.0012785876169800759,"w":0.9846178293228149},"size":32.044898986816409,"orthographic":false}