{"cameraMode":{"drawMode":0,"name":"Shaded","section":"Shading Mode"},"sceneLighting":true,"audioPlay":false,"sceneViewState":{"m_AlwaysRefresh":false,"showFog":true,"showSkybox":true,"showFlares":true,"showImageEffects":true,"showParticleSystems":true,"showVisualEffectGraphs":true,"m_FxEnabled":true},"in2DMode":false,"pivot":{"x":-236.86827087402345,"y":-2340.68603515625,"z":2742.109619140625},"rotation":{"x":-0.34243351221084597,"y":0.03920799866318703,"z":-0.014264191500842572,"w":-0.9386492371559143},"size":1837.0999755859375,"orthographic":false}