{"cameraMode":{"drawMode":0,"name":"Shaded","section":"Shading Mode"},"sceneLighting":false,"audioPlay":false,"sceneViewState":{"m_AlwaysRefresh":false,"showFog":true,"showSkybox":false,"showFlares":true,"showImageEffects":true,"showParticleSystems":true,"showVisualEffectGraphs":true,"m_FxEnabled":true},"in2DMode":false,"pivot":{"x":-41.158817291259769,"y":208.17652893066407,"z":373.07391357421877},"rotation":{"x":0.04898581653833389,"y":0.08620190620422363,"z":0.004259104374796152,"w":-0.9950782060623169},"size":468.77197265625,"orthographic":false}