{"cameraMode":{"drawMode":0,"name":"Shaded","section":"Shading Mode"},"sceneLighting":true,"audioPlay":false,"sceneViewState":{"m_AlwaysRefresh":false,"showFog":true,"showSkybox":true,"showFlares":true,"showImageEffects":true,"showParticleSystems":true,"showVisualEffectGraphs":true,"m_FxEnabled":true},"in2DMode":false,"pivot":{"x":1.735565185546875,"y":1.1763420104980469,"z":0.5291013717651367},"rotation":{"x":-0.15369519591331483,"y":0.07936601340770722,"z":-0.012389197014272213,"w":-0.9848573207855225},"size":534.6707763671875,"orthographic":false}