{"cameraMode":{"drawMode":0,"name":"Shaded","section":"Shading Mode"},"sceneLighting":true,"audioPlay":false,"sceneViewState":{"m_AlwaysRefresh":false,"showFog":true,"showSkybox":true,"showFlares":true,"showImageEffects":true,"showParticleSystems":true,"showVisualEffectGraphs":true,"m_FxEnabled":true},"in2DMode":false,"pivot":{"x":1.0360355377197266,"y":0.0657958984375,"z":0.05566692352294922},"rotation":{"x":-0.10789106041193009,"y":-0.06168437376618385,"z":0.0067045120522379879,"w":-0.9922334551811218},"size":5.16469669342041,"orthographic":false}