{"cameraMode":{"drawMode":0,"name":"Shaded","section":"Shading Mode"},"sceneLighting":false,"audioPlay":false,"sceneViewState":{"m_AlwaysRefresh":false,"showFog":true,"showSkybox":false,"showFlares":true,"showImageEffects":true,"showParticleSystems":true,"showVisualEffectGraphs":true,"m_FxEnabled":true},"in2DMode":false,"pivot":{"x":493.94158935546877,"y":219.3751220703125,"z":5.812225818634033},"rotation":{"x":0.18350203335285188,"y":-0.047478850930929187,"z":0.011527333408594132,"w":0.9823365807533264},"size":32.52747344970703,"orthographic":false}