{"cameraMode":{"drawMode":0,"name":"Shaded","section":"Shading Mode"},"sceneLighting":false,"audioPlay":false,"sceneViewState":{"m_AlwaysRefresh":false,"showFog":true,"showSkybox":false,"showFlares":true,"showImageEffects":true,"showParticleSystems":true,"showVisualEffectGraphs":true,"m_FxEnabled":true},"in2DMode":false,"pivot":{"x":-6.306210517883301,"y":6.267116069793701,"z":-15.489428520202637},"rotation":{"x":-0.10688917338848114,"y":-0.27032074332237246,"z":0.030387118458747865,"w":-0.9568266868591309},"size":2.2779059410095217,"orthographic":false}