{"cameraMode":{"drawMode":0,"name":"Shaded","section":"Shading Mode"},"sceneLighting":false,"audioPlay":false,"sceneViewState":{"m_AlwaysRefresh":false,"showFog":true,"showSkybox":false,"showFlares":true,"showImageEffects":true,"showParticleSystems":true,"showVisualEffectGraphs":true,"m_FxEnabled":true},"in2DMode":false,"pivot":{"x":46.39414978027344,"y":-8.132930755615235,"z":-172.85104370117188},"rotation":{"x":0.09013594686985016,"y":-0.18417131900787354,"z":0.016792792826890947,"w":0.978748619556427},"size":1.5777254104614258,"orthographic":false}