{"cameraMode":{"drawMode":0,"name":"Shaded","section":"Shading Mode"},"sceneLighting":false,"audioPlay":false,"sceneViewState":{"m_AlwaysRefresh":false,"showFog":true,"showSkybox":false,"showFlares":true,"showImageEffects":true,"showParticleSystems":true,"showVisualEffectGraphs":true,"m_FxEnabled":true},"in2DMode":false,"pivot":{"x":0.15133990347385407,"y":-0.8686471581459045,"z":0.03848963975906372},"rotation":{"x":0.18080353736877442,"y":-0.5662456154823303,"z":0.12876218557357789,"w":0.793952226638794},"size":1.2704302072525025,"orthographic":false}