{"cameraMode":{"drawMode":0,"name":"Shaded","section":"Shading Mode"},"sceneLighting":false,"audioPlay":false,"sceneViewState":{"m_AlwaysRefresh":false,"showFog":true,"showSkybox":false,"showFlares":true,"showImageEffects":true,"showParticleSystems":true,"showVisualEffectGraphs":true,"m_FxEnabled":true},"in2DMode":false,"pivot":{"x":1.8269009590148926,"y":-0.695826530456543,"z":0.0009508132934570313},"rotation":{"x":-0.07213909178972244,"y":0.1901523321866989,"z":-0.015498495660722256,"w":-0.9794937968254089},"size":4.507216453552246,"orthographic":false}