{"cameraMode":{"drawMode":0,"name":"Shaded","section":"Shading Mode"},"sceneLighting":true,"audioPlay":false,"sceneViewState":{"m_AlwaysRefresh":false,"showFog":true,"showSkybox":true,"showFlares":true,"showImageEffects":true,"showParticleSystems":true,"showVisualEffectGraphs":true,"m_FxEnabled":true},"in2DMode":false,"pivot":{"x":49.22161102294922,"y":30.07447052001953,"z":-6.759986877441406},"rotation":{"x":0.4268559515476227,"y":-0.032549940049648288,"z":0.015374583192169667,"w":0.9036294221878052},"size":12.12435531616211,"orthographic":false}