{"cameraMode":{"drawMode":0,"name":"Shaded","section":"Shading Mode"},"sceneLighting":false,"audioPlay":false,"sceneViewState":{"m_AlwaysRefresh":false,"showFog":true,"showSkybox":false,"showFlares":true,"showImageEffects":true,"showParticleSystems":true,"showVisualEffectGraphs":true,"m_FxEnabled":true},"in2DMode":false,"pivot":{"x":593.0372924804688,"y":199.66236877441407,"z":46.211875915527347},"rotation":{"x":-0.2916584014892578,"y":-0.009257099591195584,"z":0.0009899904252961279,"w":-0.9570148587226868},"size":70.71067810058594,"orthographic":false}