{"cameraMode":{"drawMode":0,"name":"Shaded","section":"Shading Mode"},"sceneLighting":false,"audioPlay":false,"sceneViewState":{"m_AlwaysRefresh":false,"showFog":true,"showSkybox":false,"showFlares":true,"showImageEffects":true,"showParticleSystems":true,"showVisualEffectGraphs":true,"m_FxEnabled":true},"in2DMode":false,"pivot":{"x":-4.619704246520996,"y":-0.06991243362426758,"z":0.003769993782043457},"rotation":{"x":-0.05883851274847984,"y":0.7515937089920044,"z":-0.07038222253322602,"w":-0.6540083289146423},"size":4.464484691619873,"orthographic":false}